Test Index,Amount of Moves,Nodes Visited,Time Taken (s)
1,56,1012511,3.42002
2,50,1798560,6.48281
3,52,995734,3.12663
4,42,125194,0.341578
5,52,1030333,3.05259
6,62,3656408,14.6329
7,48,2133428,6.80891
8,46,1795761,5.79581
9,48,14036,0.0386567
10,56,3031262,11.9864
Average,51.2,1559322.7,5.5686304699999996
